{"cameraMode":{"drawMode":0,"name":"Shaded","section":"Shading Mode"},"sceneLighting":true,"audioPlay":false,"sceneViewState":{"m_AlwaysRefresh":false,"showFog":true,"showSkybox":true,"showFlares":true,"showImageEffects":true,"showParticleSystems":true,"showVisualEffectGraphs":true,"m_FxEnabled":true},"in2DMode":false,"pivot":{"x":-11.899999618530274,"y":14.299999237060547,"z":10.0600004196167},"rotation":{"x":0.058428313583135608,"y":-0.0359305739402771,"z":0.0021044318564236166,"w":0.9976366758346558},"size":1038.0885009765625,"orthographic":true}